361170.50704857556;5474720.208820662;alcohol;;10
365368.42350988375;5477578.004288494;alcohol;Cidre Ponpon;10
360350.2333391737;5476597.795254502;alcohol;Au CÅ“ur des Vignes;10
361370.8395603801;5477415.3012828175;alcohol;Cave Saint-Sever;10
361574.94953812566;5478370.013889637;alcohol;Caves Jeanne d'Arc;10
361291.41833557;5478511.798676284;alcohol;L'Antre du Malt;10
361693.7041585738;5478328.3082325235;alcohol;L'escale des contrÃ©es;10
362098.49420301465;5478077.477025925;antiques;Christophe Havas;10
361997.320526829;5478150.453830831;art;Atelier St. - Romain;10
361537.24662707234;5478359.70087434;bag;Nouvart;10
358587.4872185411;5482690.341880245;bakery;Les BlÃ©s Normands;10
361988.3799906538;5479969.100699926;bakery;;10
361831.5784106367;5479614.674623564;bakery;Patisserie Jullien;10
366716.35874681734;5480933.444285597;bakery;;10
360695.746250545;5478503.358101519;bakery;;10
361648.38130943035;5474826.858016914;bakery;Tout au beurre;10
361369.7583989878;5477343.203509692;bakery;;10
363814.3911869993;5476348.7743992135;bakery;Les DÃ©lices de Lou;10
364141.47623139527;5476003.346495814;bakery;L'Escale de Bonsecours;10
364046.7790371293;5476076.466254927;bakery;Boulangerie de la Basilique;10
362734.7768647488;5478375.585738564;bakery;L'Atelier du Pain;10
365619.5718067145;5478097.55118091;bakery;Sanson;10
365709.1949774013;5478164.612387939;bakery;;10
365626.9331166958;5478113.154011815;bakery;Houel;10
365383.40243710595;5477693.439189938;bakery;;10
361281.8632937557;5477203.5075762225;bakery;Au Roi de la Galette;10
361303.32764382183;5477242.284778813;bakery;;10
360151.3308731372;5475121.787979789;bakery;Paul;10
360174.9108927052;5474988.880818958;bakery;;10
361416.7615660237;5477417.607442306;bakery;;10
361324.92019010324;5478770.139232251;bakery;Au pÃ©chÃ© mignon;10
362352.2424428521;5478029.723136324;bakery;Chez Catherine;10
360420.37827457604;5476638.574346002;bakery;;10
360458.94556409447;5476652.061796861;bakery;Pain Osmont;10
360445.7584878979;5476644.533947172;bakery;;10
361859.78748613235;5478484.820385012;bakery;;10
361935.44577339507;5478456.434312531;bakery;DÃ©lices de la Crosse;10
361918.16303124704;5475454.614105091;bakery;;10
359577.1852760806;5476398.045029938;bakery;Boulangerie Osmont;10
361935.5810410128;5475421.871853797;bakery;;10
361966.25052631507;5479027.795298155;bakery;Le fournil de la Gare;10
363564.80704605026;5481482.850288058;bakery;;10
359249.6990896335;5483002.488912554;bakery;Boulangerie;10
358642.95974437555;5483345.182689468;bakery;Le fournil du cailly;10
362458.01577179617;5478295.169524582;bakery;Les Caprices de Rouen;10
363290.41920949647;5482473.586659699;bakery;Boulangerie;10
361381.67807274335;5474579.614807333;bakery;;10
361807.4356652979;5476586.1341318395;bakery;;10
361414.2987820283;5479378.9462131085;bakery;;10
367526.7058256305;5473457.7604005085;bakery;La HÃ»che Ã  Pains;10
367388.7381532423;5473847.913819835;bakery;;10
367428.86491107213;5473912.945310191;bakery;;10
365999.98164462973;5479054.47050475;bakery;Lefebvre;10
362285.76188349375;5479068.6537068095;bakery;E Estival;10
362353.9168303056;5477852.250207177;bakery;;10
362910.6198421398;5481099.815533767;bakery;;10
362627.92297978373;5471523.805944871;bakery;;10
361956.3292809756;5478276.751126498;bakery;Levouin;10
363384.99683413806;5479716.226786392;bakery;;10
364981.7355614309;5475005.051706104;bakery;Boulangerie Patisserie;10
365168.9236127528;5474754.901836979;bakery;Boulangerie Patisserie;10
361091.2864647339;5477712.601333807;bakery;Villey;10
361273.73836813483;5477650.903666676;bakery;Boulangerie Patisserie;10
364972.36823224404;5472233.432319789;bakery;;10
360354.2336350711;5473972.486836021;bakery;;10
363464.966205408;5479717.442011176;bakery;;10
361840.6620551329;5479018.678093034;bakery;Yvonne;10
362862.72367637133;5479909.480811663;bakery;PÃ©trin de Rouen;10
366291.431750532;5473252.567907237;bakery;;10
361242.6594045168;5478825.854471071;bakery;Boulangerie Cauchoise;10
363357.02649158594;5478314.963803425;bakery;D. Lambard;10
361583.2809081513;5478390.526060775;bakery;Paul;10
361526.12071089644;5475419.797337737;bakery;O'DÃ©lices;10
362727.7744078282;5478347.741628431;bakery;Le Fournil de la Croix de Pierre;10
361593.6470368073;5475348.010200501;bakery;La Chartreuse de Parme;10
360285.4582736124;5473523.99273783;bakery;Catherine Gino Daix;10
358585.57920786354;5482398.800094397;bakery;;10
358568.1208055682;5482721.10081117;bakery;Boulangerie de la Demi-Lune;10
358557.83475969464;5482738.665096119;bakery;;10
358080.5876102395;5482890.294091935;bakery;;10
356571.54053833615;5482884.807166618;bakery;;10
358444.11796639976;5479660.526090443;bakery;Le moulin de bapeaume;10
360144.71352898574;5480653.108869107;bakery;Boulangerie Groult et Fils;10
357585.9211950629;5479061.994139446;bakery;Le moulin de Canteleu;10
357608.3901799511;5479467.977432308;bakery;Les plaisirs gourmands;10
358710.04507378704;5481714.349189236;bakery;Boulangerie VallÃ©e;10
358999.90854281967;5480528.1936742375;bakery;Le p'tit gourmet;10
357997.07302799914;5482346.835871243;bakery;Les dÃ©lices de binche;10
359648.55662357085;5473129.302936179;bakery;;10
361736.73926923936;5478231.156281865;bakery;Brioche DorÃ©e;10
361765.6532310177;5478236.954365695;bakery;La Grignotine;10
361758.40373981977;5478240.552671212;bakery;Paul;10
360499.1533770672;5475685.350016606;bakery;Ã€ la P'tite Boulange;10
362749.58149802487;5477816.727400748;bakery;Les Gourmands du Faubourg;10
362615.11256964033;5478836.82449192;bakery;L'ArrÃªt Pains;10
361637.10690375604;5478103.721352329;bakery;La Brioche Chaude;10
361706.14679800125;5478115.744866807;bakery;Au Croissant DorÃ©;10
361546.66111938434;5478239.728273096;beauty;L'Onglerie;10
361298.55172621476;5477233.618332056;beauty;NocibÃ©;10
361287.9508890418;5477214.688025324;beauty;;10
361571.03839121177;5478485.341993394;beauty;Provence Nature;10
363791.380787492;5481368.917208961;beauty;Bulle de Soleil;10
361665.0504897904;5478285.78509735;beauty;Yves Rocher;10
361917.18678831315;5481440.5030807275;beauty;Yves Rocher;10
362375.767871093;5478149.620321646;beauty;Clinique du Cheveu;10
362232.00810522534;5478220.328243771;beauty;Route du Spa;10
361104.93075317016;5477135.251799131;beauty;Yves Rocher;10
361550.6305128378;5477341.13356859;beauty;Afro Design;10
361709.5053355277;5478168.207528481;beauty;ItStyle;10
361300.1444480604;5478243.187200293;bicycle;Rouen Bike;10
362173.1890217082;5477909.652366425;bicycle;Guidoline;10
365971.66258079093;5479029.047878503;bicycle;Tof Motos;10
361145.66259265784;5478167.954538583;bicycle;Ã‰lectro Scoot;10
362175.0387232088;5477903.6101540355;bicycle;Guidoline;10
361093.88261146436;5476744.649890841;bicycle;L'atelier du cycle rouennais;10
361517.4199446511;5478363.862917936;bijouterie_fantaisie;Claire's;10
361603.7668319176;5478423.567002297;books;France Loisirs;10
361763.1444645674;5478546.664066353;books;;10
361461.73163927;5475265.231351787;books;;10
362250.30519951717;5474008.557886576;books;;10
361702.5945738492;5478607.940788187;books;L'ArmitiÃ¨re;10
360257.361436756;5472189.369377852;books;Espace culturel E. Leclerc;10
362206.6927037245;5478061.488786209;books;Bertran;10
362353.4240021816;5478300.40581692;books;ABC Bookshop;10
361659.5734610079;5478469.41795807;books;L'ArmitiÃ¨re;10
362146.7385178501;5478279.931413191;books;Dolce Vita;10
361693.4674950227;5478469.4165253695;books;La Procure;10
361373.4609775591;5477264.922093336;books;La RÃ©ponse;10
358569.7781050269;5482643.2571583735;butcher;Boucherie Vasselin;10
361828.8887939092;5479596.355397133;butcher;;10
365395.14321083145;5477712.159624869;butcher;;10
361342.9949104014;5477307.986541942;butcher;;10
360524.84484298667;5476663.5618990315;butcher;;10
360411.0644895453;5476604.284348952;butcher;;10
361706.7073883079;5478549.204424513;butcher;Au Charolais;10
362561.5217484544;5479212.14400326;butcher;Boucherie Avice;10
359199.08520118357;5482992.1702203965;butcher;Boucherie;10
361431.5709319811;5474584.4466661485;butcher;;10
367318.09450771345;5473907.443357526;butcher;;10
363413.6641475783;5481448.042306987;butcher;Foulogne;10
365605.8958291277;5478097.409170113;butcher;R. Dron;10
362504.1936747937;5471543.985216157;butcher;;10
363615.94100740895;5479820.610924316;butcher;;10
363397.43944751506;5479684.881239664;butcher;;10
360361.0460201441;5474024.104426868;butcher;;10
361109.3581553266;5477704.377828777;butcher;Michael;10
362688.51585678;5478341.230701689;butcher;Chez Karim;10
361594.58498675027;5475381.924281187;butcher;David LÃ©ger;10
361593.95127338346;5475356.879059216;butcher;Boucherie Garibaldi;10
360888.9792905099;5475527.733560105;butcher;Boucherie Boinet Mickael;10
362757.6604651429;5478349.8719687;butcher;El Baraka;10
361811.6007720977;5479027.8224523375;butcher;Denis Buquet;10
361408.0183056402;5477368.618470561;butcher;Al Koutoubia;10
358105.82203841023;5482892.730343861;butcher;;10
361219.10342693096;5478276.702121379;butcher;Boucherie Henri IV;10
362471.17862487515;5478226.206357851;butcher;Normandie Halal;10
358527.19528142107;5474584.19009283;butcher;Quibeuf;10
362112.6870332584;5478191.223925885;butcher;;10
361860.09598301287;5479622.006851424;car;;10
360244.2878199223;5478780.897406365;car;Lancia;10
360232.3608626425;5478789.845587047;car;Alfa Romeo;10
360337.3910663461;5478758.116047701;car;Espace Occasions;10
359858.42336209683;5478919.081443897;car;Jaguar Rouen;10
359867.6175491002;5478979.225236106;car;Ford - espace utilitaires;10
359847.31413087767;5478939.233378366;car;Mitsubishi Motors;10
359804.11884136416;5478942.699786595;car;Hyundai;10
359970.6485295069;5475900.482765421;car;;10
360512.6401771775;5477007.64902978;car;S.N.O.A;10
362660.3889404578;5482459.838399087;car;BretÃ¨que Automobiles;10
361563.20881920884;5474554.9296645;car;Peugeot;10
361663.236486417;5474920.353496118;car;Renault;10
366315.0078338551;5473875.35044552;car;Peugeot;10
365892.7530141028;5475054.231381373;car;Rouen Camping-Car;10
366556.93927125947;5473920.978856485;car;Jousse;10
363198.5447616162;5473915.873080718;car;Aramisauto Rouen;10
362973.6562236132;5472447.423300533;car_parts;Niort FrÃ¨res;10
359818.93740783795;5479144.860561859;car_repair;Renault minute;10
359841.245855786;5478964.484179271;car_repair;Bosch Service;10
359844.4290807749;5478986.227285734;car_repair;First Stop;10
359866.5807321773;5479191.592758189;car_repair;Renault Carosserie;10
364402.6736866768;5475703.777034607;car_repair;;10
357170.60396337474;5479247.55986791;car_repair;Garage Deliens;10
361074.30496023875;5474693.829706085;car_repair;CitroÃ«n;10
361572.1202560482;5474553.135783235;car_repair;;10
361663.0285932349;5474927.344304812;car_repair;;10
362420.1529354147;5474150.658023739;car_repair;Renault;10
362052.6110812521;5475989.575478064;car_repair;;10
366473.1083225487;5474609.572182174;car_repair;Renault;10
366288.488221462;5473849.080522562;car_repair;Peugeot;10
366172.7285177499;5474194.767894747;car_repair;Happy Car;10
362961.0267635003;5480261.151716963;car_repair;;10
366033.29140214063;5474942.827025097;car_repair;Horizon;10
366444.05276045925;5474016.521232212;car_repair;CitroÃ«n;10
366028.7564524511;5474143.732121346;car_repair;Garage du Plateau;10
366154.4294984923;5474132.725980882;car_repair;Autosur;10
365132.0377951508;5477649.792448302;car_repair;SÃ©curiTest;10
366087.03157270444;5473289.788330848;car_repair;Renault;10
360313.9156244843;5478789.695594988;car_repair;Peugeot Rouen;10
358658.4757368036;5481984.837942485;car_repair;Auto Prestige;10
361189.71974647255;5476407.074082157;car_repair;Aedifia;10
361614.4454042676;5476933.975784673;car_repair;Garage de l'Europe;10
360699.93306348135;5472488.160516016;car_repair;BestDrive;10
357960.8127701625;5475583.589903597;car_repair;Norauto;10
361493.49494341353;5477137.06219413;car_repair;Garage Le Compte;10
360487.3616575466;5475585.805269276;car_repair;Thierry Automobiles;10
362827.986475937;5478724.568573862;car_repair;Peugeot;10
361728.63479367935;5477020.5976597825;car_repair;Renault;10
361501.51977817307;5478448.827266028;cheese;La Fromagerie;10
361507.19893555064;5478383.855153018;chemist;Deconihout;10
361886.2352933511;5481701.066580058;chemist;Pharmacie de la Vatine;10
361691.78521171806;5478249.045860875;chemist;Parashop Diffusion;10
361511.6863920978;5478444.153549719;chocolate;Jeff de Bruges;10
362111.48013250297;5477900.730499886;clocks;La Maison du Coucou;10
361806.2818299544;5478195.437145985;clothes;Etam;10
361498.929389191;5478378.959013784;clothes;Bizzbee;10
361704.8950598243;5478250.304759747;clothes;Celio;10
361686.71469537914;5478259.063027104;clothes;Devred;10
361644.8022620049;5478289.067449038;clothes;Naf Naf;10
361628.21739984216;5478300.099228355;clothes;Grain De Malice;10
361525.11024047364;5478369.085223108;clothes;Promod;10
361548.60051970894;5478353.784684891;clothes;Kana Beach;10
361513.4920738822;5478367.433009176;clothes;Blanc Nature;10
361491.4483479855;5478384.855014331;clothes;Morgan;10
361276.5616584686;5477193.853364932;clothes;;10
361307.3350996517;5477249.257695909;clothes;;10
361333.0846782468;5477285.668201363;clothes;Celio;10
361738.50674436253;5478553.294111454;clothes;Bullitt;10
361717.23100720334;5478546.602158835;clothes;Rag street;10
361908.2277434156;5478472.917471638;clothes;Basic;10
361922.0235691394;5478464.893624667;clothes;Bruce Field;10
361928.2955410956;5478460.508206462;clothes;Oliver Grant;10
361940.04832734866;5478454.871970742;clothes;Antonelle;10
361990.34811434604;5478424.680235742;clothes;MCS;10
358894.0773499105;5483066.15814752;clothes;Villemaire;10
363424.55350563885;5480896.291125352;clothes;Boudoir;10
365654.07633383205;5478116.457688649;clothes;Frou-Frou;10
366433.00963354483;5473900.721678898;clothes;La Halle o Chaussures;10
366345.7522858499;5473835.657657981;clothes;Distri-Center;10
362557.80220244033;5471570.258849484;clothes;Amisports;10
361506.3024467982;5478446.648192894;clothes;Falbalas Saint-Junien;10
361519.78847942344;5478441.300817906;clothes;OkaÃ¯di;10
361560.72343371384;5478424.034350231;clothes;Du pareil au mÃªme;10
361918.78076432855;5478416.643797814;clothes;Princesse Tam-Tam;10
361910.8601320917;5478216.564698292;clothes;Esprit;10
361590.97793461184;5478333.300595183;clothes;Valentin;10
361847.1906150896;5478218.062617616;clothes;H&M;10
362232.679063055;5478243.203502007;clothes;Fring'Emois;10
361743.1831429083;5478178.223148765;clothes;Kilo Shop;10
361530.77265951195;5478342.367536184;clothes;C&A;10
361567.78665927314;5478353.254141779;clothes;Ekyog;10
361581.0729043087;5478311.371083708;clothes;Jennyfer;10
361229.9520778288;5477136.815526527;clothes;Eurodif;10
357972.76007421606;5475597.351313693;clothes;Kiabi;10
361770.47024034907;5478214.0403797235;clothes;Aigle;10
361758.70139367046;5478219.343662145;clothes;Un Jour Ailleurs;10
361716.48017676384;5478238.031538979;clothes;Pimkie;10
361741.4078868145;5478250.548872971;clothes;Coquine Bis;10
361736.27004624787;5478252.747837667;clothes;Tie Rack;10
361445.20372510597;5478202.710789969;clothes;NumÃ©ro 10 prÃªt-Ã -porter;10
358054.2173838944;5475669.265838504;clothes;CamaÃ¯eu;10
362053.2606548006;5477983.223281482;clothes;SRVP;10
361466.62094677915;5478400.045101541;clothes;Jules;10
361771.08524483006;5478521.379582708;clothes;Tara Jarmon;10
361431.04836858076;5478054.658966198;clothes;Damart;10
361564.6788535273;5477389.676901907;clothes;Les Aubaines;10
361712.3754795044;5478127.411589647;clothes;Quelqu'un m'a dit...;10
361696.7600917784;5478094.513948755;clothes;KokÃ¢na;10
361950.3249894588;5478472.343261204;clothes;Hopenlife;10
362005.1527618823;5478420.980431693;clothes;Shilton;10
360448.4090794086;5478960.50025738;computer;ATIS;10
361377.2314408939;5478287.383041655;computer;Microphil;10
362719.98324345663;5478382.342217382;computer;Rouen @ Computer;10
361323.4083097738;5477186.20201687;computer;;10
360376.59558842285;5477014.959382348;computer;LDLC;10
361262.59109906486;5478842.467569164;computer;Computer services 76;10
361385.6870478103;5476444.528153237;computer;PC Express;10
361565.5837075659;5478347.03625521;confectionery;Glup'S;10
358028.31058852246;5475634.653445504;confectionery;Boule de Gomme;10
361716.32924839837;5478134.886684057;confectionery;La Cure Gourmande;10
361831.48044458264;5479603.92061203;convenience;;10
361557.14488068724;5475615.608965814;convenience;;10
361521.90011384734;5475765.89002112;convenience;;10
366455.71211389056;5477130.444609304;convenience;;10
364066.3835247675;5476119.315303409;convenience;SPAR;10
359966.47539126436;5475784.825689053;convenience;VivÃ©co;10
360109.4036046477;5475107.909826678;convenience;;10
359526.75507751724;5474429.735110179;convenience;Vival;10
362551.35422987747;5479194.5577066755;convenience;Coccimarket;10
362233.7416612832;5474031.110458481;convenience;;10
361824.082471172;5476592.543267361;convenience;CocciMarket;10
361399.1023559692;5476345.733623742;convenience;;10
361437.5523702287;5479359.935690371;convenience;;10
367322.5452103026;5473896.112365112;convenience;MarchÃ© U;10
362299.09887194587;5479013.979182955;convenience;;10
365925.6285935044;5478972.092006453;convenience;Viveco;10
362592.72727661685;5471563.353615694;convenience;Au Jardin du Rouvray;10
361250.0625516999;5478810.927699796;convenience;Epi service;10
361237.801598325;5478852.4742632555;convenience;Cocci Market;10
362619.28165983106;5477497.042415635;convenience;;10
362702.4294607659;5478360.936727896;convenience;Vival;10
362739.21591275214;5478348.733435604;convenience;La Casbah;10
361238.421161014;5477629.341610817;convenience;Le Bienvenu;10
360245.11774020165;5480659.359499938;convenience;;10
356454.7034936836;5472182.819137058;convenience;Izmir Market;10
362465.32205846754;5478209.368183615;convenience;Ã‰pi Service;10
362381.1785550795;5478302.265224821;convenience;Chez l'Ã‰picier;10
361739.45899472164;5476705.561625753;convenience;Shop By Casino;10
359574.85545534105;5473895.832773722;convenience;Bonjour;10
362779.2821387191;5477803.5567739885;convenience;Viveco;10
362565.074043229;5471704.624349144;convenience;CocciMarket;10
361567.5794599912;5472272.694825738;convenience;Ã‰pi Service;10
360751.28161803214;5473389.74028648;convenience;Ã‰pi Service;10
359650.22730422206;5476153.8512073215;convenience;CocciMarket;10
362515.1352450863;5477958.948922637;convenience;CocciMarket;10
365261.7452855193;5483249.024034065;convenience;La Ferme d'Isnel;10
362055.5734328646;5477992.085967297;convenience;SupÃ©rette de la RÃ©publique;10
363917.6231034157;5478179.6863641525;convenience;Rapid'Market;10
362422.57353364315;5478107.785515047;convenience;Day by Day;10
356373.08562731126;5483049.925043191;"convenience;gas";;10
362291.60257748247;5477872.284866938;copyshop;Propost Services;10
359739.6333833041;5480038.831878497;copyshop;;10
361494.914412359;5477589.93281349;copyshop;Tampons du Mail;10
361491.8465168396;5477583.948212144;copyshop;Creation VIP;10
362220.340172885;5478321.712819535;copyshop;Rouen Copie;10
362009.32439948653;5478535.914629354;copyshop;123SURTOUT;10
361502.31575095805;5478387.794294607;cosmetics;Lush;10
361611.63943038485;5478310.541337783;cosmetics;Marionnaud;10
361709.2780644756;5478257.546514118;cosmetics;The Body Shop;10
361639.2325197555;5478291.967103346;cosmetics;Douglas;10
361395.2346575274;5477376.306385858;cosmetics;Schekina;10
358059.748343333;5475676.853361754;cosmetics;Marionnaud;10
361703.53820231603;5477508.921481307;cosmetics;Espace 2.8 Espace Beauty;10
361518.8391160567;5477350.815421713;cosmetics;Dioufynho Fashion;10
361328.2885046506;5477253.320173849;deli;;10
361252.6633934133;5478829.09324178;deli;Corner by Origine;10
360257.6496945268;5473324.811838996;deli;Viandhalle;10
361430.051483836;5477204.65485513;deli;La Saveur Exotique;10
361595.7273258156;5478445.216846561;deli;9 Provinces;10
361431.2736218481;5477368.496120295;deli;Cirta Exotique;10
361222.2259952402;5478281.984398348;deli;Ã‰picerie du Comptoir Henri IV;10
361612.4532442867;5477307.254271484;deli;ChÃ¢teau Rouge;10
361508.5903449661;5476189.955449411;deli;Le Panier Vert;10
360937.19258182845;5478696.655044765;deli;Au Soleil d'Agadir;10
361524.62471627677;5477355.540976176;deli;Nissi Exotiques;10
361758.1551129342;5478414.520135324;doityourself;Loisir & CrÃ©ation;10
361577.7690314523;5478602.725371449;doityourself;Cheval Cheval;10
364649.3121349887;5477610.112550911;doityourself;Castorama;10
364048.4183323897;5476069.729273851;dry_cleaning;Pressing de la Basilique;10
362328.62953272695;5477874.132958715;dry_cleaning;Euro Pressing;10
363597.23634148657;5481416.878787073;dry_cleaning;;10
361531.89377785794;5478435.276554813;dry_cleaning;5 Ã  sec;10
361595.10683197214;5475400.253737319;dry_cleaning;5Ã sec;10
361334.6148420932;5477429.501604417;dry_cleaning;5Ã sec;10
358116.94449797587;5475709.107907323;dry_cleaning;5Ã sec;10
358748.4922801436;5481518.4193020165;e-cigarette;Elektro Clope;10
361719.05250555434;5478427.689754894;electronics;Fnac;10
361577.890997443;5478377.325429527;electronics;Darty;10
360785.8878567042;5476243.144789916;electronics;Envie Normandie;10
361650.82004839915;5478056.588530763;erotic;Espace CarrÃ© Blanc;10
358816.13986862986;5481136.155178398;estate_agent;Century 21 Bruno Ferrand;10
361494.51198844746;5478394.121166228;fabric;Kazana;10
361551.2282517304;5478351.860475947;fabric;Homo Roussel;10
362015.576806308;5478412.697149271;fabric;Toto;10
361690.74112500343;5478137.569801085;fabric;Phildar;10
358091.41716202756;5482891.747798664;farm;;10
361494.0547909999;5475417.9395570215;fishing;PÃªche et Chasse;10
361927.1631534408;5471168.405030691;fishmonger;;10
364172.9151605654;5475996.536749654;florist;Topaze;10
360142.99786840164;5475115.782906019;florist;;10
361412.44794824114;5477412.855805156;florist;Au Lilas Blanc;10
360534.68717375374;5476667.971641842;florist;Au jardin de la tendresse;10
360350.5448295184;5476566.240656678;florist;FleurÃ©lie;10
361795.1216996474;5478509.036271753;florist;Histoire de fleurs;10
360919.6741597394;5474786.568776958;florist;Maison LefranÃ§ois;10
363606.59606493113;5481429.981958011;florist;;10
363284.34432765614;5482377.186905982;florist;Atelier de Fleurs;10
360957.4940410707;5474770.490570813;florist;;10
363717.56705713377;5481297.066508438;florist;Au Bouquet Normand;10
361711.0240674901;5478625.769864638;florist;Monceau fleurs;10
365665.43483905785;5478363.425078867;florist;Au Jardin de Jasolina;10
363387.574012814;5479772.013086005;florist;;10
367371.58465222234;5473933.531491359;florist;;10
361331.9164328518;5478807.470440453;florist;D'Lys;10
358597.5771715425;5482389.089529995;florist;;10
361266.48864534067;5477177.14553817;florist;;10
361362.9534545931;5476491.71214882;florist;FlÃ´ral Design;10
358093.6328166584;5475669.043978833;florist;Rapid'Flore;10
361455.5492573512;5476320.053887263;florist;Rapid'Flore;10
360507.8357589792;5475706.241183751;florist;Fleurs & Senteurs;10
362542.0407630251;5471624.847374946;florist;Au Jardin de la Tendresse;10
362201.30896842515;5477875.283617295;frame;L'Atelier des Arts;10
361749.9713836438;5478544.883851647;frame;L'affiche;10
360950.73033970984;5476792.827445838;frozen_food;Picard;10
360902.595590617;5480642.550525065;frozen_food;Picard;10
359553.0538556914;5476018.122856271;funeral_directors;;10
361367.64689617907;5477199.863213344;furniture;La Maison du Placard;10
361263.0467198239;5477635.802241766;furniture;K par K;10
361862.50263638556;5478569.846853947;furniture;Quadro;10
361695.8059825111;5478148.821017378;furniture;Maisons du Monde;10
366809.69006911945;5473785.627589106;garden_centre;Jardiland;10
360141.9979779107;5472454.108152692;garden_centre;Jardi E. Leclerc;10
358133.4494173177;5482972.99450736;gas;;10
361718.54472826846;5477993.672817585;general;Cross Shopping;10
361389.75224777317;5478428.991235198;gift;Cadeaux;10
361339.6404544173;5478471.6200390775;gift;Cadeaux;10
359987.5957017232;5475719.1670911135;glaziery;Poyer;10
361367.20467897074;5474587.912576237;greengrocer;;10
360468.81106919236;5476634.345932118;greengrocer;Cours Saint-Julien;10
365580.4976632568;5478096.643390997;greengrocer;Le Fruitier;10
362513.8910652223;5471543.786255629;greengrocer;;10
365728.9379076858;5478161.057287924;greengrocer;;10
361407.1950249643;5477398.239139369;greengrocer;Royal Primeur;10
361433.8924565455;5476347.3547308985;greengrocer;Aux Jardins de France;10
362387.36571434815;5478088.527286396;grocery;Le Cellier Saint-Marc;10
361407.37143651117;5477407.20025734;hairdresser;Velasquez;10
359979.3917203872;5475832.12650223;hairdresser;;10
360094.08303378185;5475112.472988677;hairdresser;N.H. Coiffure;10
362295.2045969316;5477970.047481398;hairdresser;F. RÃ©mi Coiffure;10
361976.727431773;5478431.03094777;hairdresser;Albane;10
362562.0375831679;5479217.370192629;hairdresser;;10
361861.76984386164;5475836.561355196;hairdresser;L'espace coiffure;10
363581.0144195795;5481477.862411524;hairdresser;Salon Nuance;10
358720.1727364232;5483624.618082087;hairdresser;Cut'Hair;10
358660.223998977;5483351.131698307;hairdresser;;10
361932.5126078882;5474389.780659996;hairdresser;IdÃ©alCoiff;10
361210.6330423351;5474682.549877033;hairdresser;;10
367346.06367685366;5473873.363007788;hairdresser;;10
365946.78874022164;5474294.054977788;hairdresser;Coif'Flash;10
363788.23001224175;5481363.500843573;hairdresser;Coiffure Choupy;10
363589.88265275664;5481429.809991874;hairdresser;;10
363712.7748565122;5481292.692264175;hairdresser;;10
361901.6845706409;5478741.794209214;hairdresser;Nathalie coiffure;10
365784.1039097335;5478668.310426146;hairdresser;Sabrina Coiffure;10
365634.67044988746;5478245.8304769145;hairdresser;Look' N co 2;10
365635.53714929626;5478113.220550122;hairdresser;Look'N Co;10
362539.91905113263;5471571.853386252;hairdresser;;10
363402.8781473859;5479669.228049929;hairdresser;;10
363591.8096553693;5479820.056666607;hairdresser;;10
360382.49458633363;5474157.451787578;hairdresser;;10
363842.7567645048;5481393.097207424;hairdresser;Camille Albane;10
360360.39821401774;5476603.175337394;hairdresser;Hair-City;10
365739.3919190671;5477742.446051739;hairdresser;L'instant Sana;10
365489.271411998;5474487.335319512;hairdresser;;10
361249.49479027017;5478857.116196136;hairdresser;Vidathy's coiffure;10
361366.6637488822;5476482.941712257;hairdresser;Nath Coiffure;10
362771.6690252366;5478348.530189478;hairdresser;Binam Coiffure;10
362723.3031981052;5478322.781657891;hairdresser;MJ Coiffure;10
361585.3631763633;5478449.539452977;hairdresser;MÃ©dard;10
361475.03362260386;5477284.038249737;hairdresser;NEXT Saloon;10
361430.56408689637;5477278.112951135;hairdresser;Stiti Coiff;10
361647.4260168701;5477285.668143318;hairdresser;Afro Coiffure nÂ°1;10
361480.7819320683;5477560.980355094;hairdresser;LS Coiffure;10
362979.8796775595;5478327.977615988;hairdresser;Hair Design;10
362908.10921315744;5478349.677439288;hairdresser;Yassine Coiffure;10
362920.43694461207;5478348.989998154;hairdresser;Coiffure Eden;10
361942.19644922414;5478046.339407742;hairdresser;Basic et Glamour;10
362291.58178863046;5478191.874537839;hairdresser;Le Garage;10
361296.94942196296;5477183.046753437;hairdresser;Tchip;10
361508.14475482213;5478482.7086218055;hairdresser;Dessange;10
359504.18117738725;5476712.051699272;hairdresser;;10
362651.5374528931;5471442.914311197;hairdresser;So Chic;10
361451.52824399783;5478198.968658854;hairdresser;ThÃ©Ã¢tre des arts coiffure;10
358035.414529433;5475644.124540359;hairdresser;H-I Guin;10
360237.72330936266;5473493.231157641;hairdresser;Nath & MÃ¨ches;10
361844.3560537038;5478577.324576136;hairdresser;Davy Evrard;10
361576.7020469014;5478097.564569422;hairdresser;Hair Master II;10
361686.9963307057;5477495.090762137;hairdresser;Libada Coiffure;10
361692.70498016896;5477499.940788429;hairdresser;Philippe Daussy;10
361529.39530292305;5477359.1465215525;hairdresser;African King;10
361512.3578508385;5477345.262106753;hairdresser;Sapologie;10
361543.7655820206;5477335.612181479;hairdresser;African Queen;10
361506.3824192934;5478118.934670656;hairdresser;8Ã¨me Art;10
362946.0790085505;5477942.1077017095;hardware;;10
363558.8865109293;5481484.666769436;hearing_aids;Catherine Michaud;10
361178.46104064106;5477492.108487766;hearing_aids;Audition Mutualiste;10
361470.35722701484;5478184.898342188;hearing_aids;L'oreille;10
361309.74899200234;5478265.8024199335;hifi;M.G.M.E.;10
361295.31592139177;5477227.893928693;hifi;Cash Express;10
365632.92714148364;5478227.731388053;hifi;Proxiconfort Marvil;10
361514.04484941345;5478500.868497625;houseware;Culinarion;10
362201.9194786778;5477874.467333211;interior_decoration;L'Atelier des Arts;10
361599.8228123693;5477344.793400004;interior_decoration;Malouet Design;10
361172.0714124284;5477187.651489553;interior_decoration;Casa;10
361726.40809498087;5478197.813425307;interior_decoration;Bouchara;10
361691.46269036306;5478266.39564247;jewelry;Les Comptoirs de l'Univers;10
361597.6547777741;5478309.104598434;jewelry;Milliaud;10
361636.79430397577;5478283.330211929;jewelry;Quelque Part;10
361497.71104400925;5478391.559529355;jewelry;OrphÃ©e;10
361512.3301956872;5478379.687257973;jewelry;Jaladis-Maillard;10
361305.7623999339;5477246.461086333;jewelry;;10
361688.13205149025;5478558.651268063;jewelry;Coralie B;10
364075.3532835121;5472776.8615874145;jewelry;Babioles & Ã‚neries;10
361595.0420521073;5475391.957241397;jewelry;Bijouterie NoÃ«l;10
358102.9771731678;5475713.408086726;jewelry;Julien d'Orcel;10
362558.89000919065;5479208.139010484;kiosk;Le Jouvenet - Presse et Tabac;10
362010.624363711;5477847.380196211;kitchen;HÃ¤cker Cuisines;10
362047.2994380718;5478216.044378557;knives;Affutage Carlton Service;10
365636.6986209377;5478217.104983272;laundry;;10
365927.6639137136;5474307.715552029;laundry;Pressing Arc en Ciel;10
367320.59540681296;5473918.083028222;laundry;Pressing;10
361322.7582084081;5478804.9775878675;laundry;NetCool;10
361421.9980849715;5477475.36170208;laundry;Laverie;10
362925.58655464614;5478348.115556403;laundry;Lavomatic;10
362356.01030837366;5478157.726363748;laundry;Lavomatic;10
358079.18398863217;5475674.36897574;laundry;Lavomatique;10
360910.05118964566;5476108.871647825;laundry;KIS Wash;10
362161.3133002955;5479364.485421514;laundry;Lavomatic;10
357492.92300448776;5479363.831260635;laundry;;10
358048.30701953446;5475661.321080643;leather;Grande Boucle;10
361698.44658460503;5478101.823936871;leather;Paprika;10
361758.86924066953;5478440.74252529;mall;Espace du Palais;10
362296.40043553;5478974.247259883;massage;ArtZen Massages;10
361646.64132805;5478280.055302378;mobile_phone;Clubs Bouygues Telecom;10
361521.13022926485;5478360.865645509;mobile_phone;Espace SFR;10
361310.33506910753;5477205.365857284;mobile_phone;Virgin mobile;10
361239.02681103366;5478813.0433404455;mobile_phone;Normandy Phone;10
361610.1982450338;5478382.235819866;mobile_phone;Orange;10
361570.5547215339;5478359.446590609;mobile_phone;Free Center;10
362781.2633821993;5478364.062335281;mobile_phone;Phone;10
362704.72110928525;5478321.947025297;mobile_phone;Point Phone 76;10
361417.58140208514;5477237.607471503;mobile_phone;Cyberphone Net;10
361488.14906059334;5477576.021819101;mobile_phone;Repare 76;10
361281.8322746665;5477379.828079368;mobile_phone;Phone +;10
361243.42769620434;5477148.08649187;mobile_phone;Bouygues TÃ©lÃ©com;10
359496.9669336991;5476709.711994767;mobile_phone;Econo Phone;10
361742.19882915204;5478228.7712027365;mobile_phone;Espace SFR;10
358005.76890549343;5475627.641020727;mobile_phone;SFR;10
361006.71783355647;5477128.893542102;mobile_phone;SFR;10
361342.91318561346;5477178.910776817;mobile_phone;Cosmophone;10
361535.0895197828;5477363.1291233525;mobile_phone;Hosna Ã‰lectronique;10
361594.8459933528;5477367.711544954;mobile_phone;Nour GSM;10
366147.4728387607;5474023.400522936;motorcycle;Moto Passion;10
359096.71221180016;5480110.264728359;motorcycle;;10
359099.95550157153;5480145.476947072;motorcycle;;10
359142.2851625733;5480142.838893248;motorcycle;;10
360445.17207789107;5477432.169386109;motorcycle;Yamaha;10
361886.2754252481;5478485.3744444;music;Harmonia Mundi;10
361573.7333752301;5478221.489495044;musical_instrument;Guit Arts;10
361404.4565664712;5478231.441704747;musical_instrument;Royez Musik;10
362075.6927541502;5477994.281217586;musical_instrument;Mainnemarre Lutherie;10
362200.929852374;5478269.0541018825;musical_instrument;J-M Sarhan Luthier;10
362175.1616936734;5478278.669458283;musical_instrument;ParallÃ¨le Music;10
361606.1422020575;5478429.43570482;newsagent;Maison de la Presse;10
361953.6868154028;5478454.972362389;newsagent;;10
363594.13024966425;5481411.517026837;newsagent;;10
360379.031282368;5474135.515446078;newsagent;La civette du Madrillet;10
360214.1236270854;5473497.582488055;newsagent;Mag Presse;10
361439.803877279;5478407.988689015;newsagent;La Civette du vieux MarchÃ©;10
363553.9445604307;5481486.191836625;optician;Lesouef Optique;10
361629.0853571008;5478297.997146058;optician;Solaris;10
361616.3629359738;5478308.597461543;optician;Les Opticiens Conseils;10
361525.2846844824;5478188.7566381795;optician;Optical Center;10
364057.4989431042;5476082.117363996;optician;;10
360190.96074782044;5475153.979029422;optician;Point de Vue Optique;10
365659.62891434005;5478119.268845563;optician;Atol;10
365594.57137604477;5478097.0313907275;optician;Optic 2000;10
363834.0840254422;5481398.797356507;optician;Id Optique;10
361594.39184660645;5475369.415224973;optician;Optic 2000;10
361605.42096301087;5478440.766635135;optician;Le Lanchon;10
361336.3920386429;5477254.460572654;optician;Les Opticiens Mutualistes;10
361302.5377571763;5477189.990682663;optician;Alain Afflelou;10
358077.9451633706;5475642.008536693;optician;Les Opticiens Mutualistes;10
357994.4325136354;5475610.849124741;optician;Optic 2000;10
361139.799315793;5477098.44798598;optician;GÃ©nÃ©rale d'Optique;10
361551.63764594286;5478463.641966733;optician;Le Lanchon;10
361559.1140688705;5478135.162761302;optician;Optic 2000;10
361685.8410345481;5478128.817217814;outdoor;Nature & DÃ©couvertes;10
362421.6223681024;5478018.421137281;outdoor;Rando Running;10
361918.97968880506;5478210.363957906;paint;Mercadier;10
361571.8335423097;5478210.05810019;pastry;Chez Sophie;10
361519.08309118263;5476244.69557791;pastry;JP Martin;10
362021.15553773346;5477822.030803512;pastry;Masako PÃ¢tisserie;10
359937.20550054184;5475590.310468396;pet;Le Nautilus;10
362127.17289205757;5478180.035280085;pet;;10
361503.5957871239;5478183.288384656;photo;La Boutique de l'Image;10
365588.4610432406;5478110.473899644;photo;J. Madelaine;10
361729.4795437346;5478540.5079649445;piercing;;10
361608.6239776191;5477333.38029899;radiotechnics;PAM Normandie;10
361674.09524693835;5474891.1133614825;reptile;Ophidia la passion des reptiles;10
361401.03063821443;5477373.712246686;services;Chahid Phone;10
361692.9395954005;5478556.883298726;shoe_repair;;10
361727.9443684503;5478251.078603325;shoes;Minelli;10
361681.9421459957;5478271.10826787;shoes;Bata;10
361634.46433554415;5478286.704023952;shoes;Ã‰ram;10
361501.4182407366;5478376.993805093;shoes;Jonak;10
361533.53267160576;5478362.553622025;shoes;Techni-Mag;10
361529.01483097905;5478366.027414573;shoes;Chaussures Cousin;10
361279.21638552006;5477198.691494385;shoes;;10
361806.7461515169;5478504.070397314;shoes;Mephisto;10
361821.91874641617;5478521.818098296;shoes;Timberland;10
361891.51064080535;5478483.017422174;shoes;StÃ©phane Gontard;10
361916.57367710036;5478467.367276258;shoes;LÃ©gende;10
361723.5269201434;5478559.223805254;shoes;La Kitchen;10
365649.0456262286;5478115.402297253;shoes;Escapade;10
366077.35240848537;5474340.3667521095;shoes;chauss Expo;10
358060.01467061887;5475626.711355767;shoes;La Halle aux Chaussures;10
361765.0932654238;5478216.823788115;shoes;Salamander;10
358021.760902624;5475625.8465253785;shoes;Chausport;10
358322.2673132078;5481721.963271746;shoes;La Halle aux Chaussures;10
361560.4133859925;5478103.127360135;shoes;Dominick;10
362169.6272540686;5477884.046892436;sports;Dam's Sports;10
361491.88936807757;5478396.2454990735;sports;Foot Locker;10
361432.8946439162;5478210.442297921;sports;Espace Montagne;10
362032.07586025074;5481544.485008021;sports;GO Sport;10
361202.93746778416;5478355.033477327;sports;Diet'store;10
361072.7130579809;5477169.863886143;sports;GO Sport;10
361758.41837127134;5477993.654110965;sports;Espace Running;10
361119.93140074576;5477105.159620554;sports;Foot Locker;10
359556.3528819183;5475301.282978173;sports;RG sport;10
362934.961272165;5474532.851985998;sports;Block out;10
361487.6394325838;5478387.966044115;stationery;La PapÃ©thÃ¨que;10
364092.4129182822;5476117.055477592;stationery;;10
365601.45210583974;5478097.218120338;stationery;Le Fontenoy;10
361389.2329642171;5478534.622839876;supermarket;U Express;200
361990.86444643186;5479991.9524584925;supermarket;Carrefour City;200
360706.4849500762;5478519.447240819;supermarket;Carrefour City;200
361663.29617814394;5478261.468917611;supermarket;Monoprix;200
361430.8692349321;5478077.633685102;supermarket;Auchan SupermarchÃ©;200
365527.2083711248;5478178.920208229;supermarket;Super U;200
360068.39122341946;5475676.197732245;supermarket;Rouen-Bio;200
360369.560309727;5476608.213965756;supermarket;Carrefour City;200
366127.8951663916;5474097.236166588;supermarket;Lidl;200
366076.5859342797;5474244.104024228;supermarket;Leader Price;200
360857.2981584205;5480659.166425708;supermarket;Super U;200
361797.34066095273;5478831.340681394;supermarket;Carrefour Express;200
358106.94546663313;5483027.9129691655;supermarket;Super U;200
362356.2754422919;5477808.798091038;supermarket;IntermarchÃ© Hyper;200
362573.310750999;5471550.43718127;supermarket;Leader Price;200
359646.47341859475;5475429.828867653;supermarket;Lidl;200
361290.2958199629;5476612.498974536;supermarket;Leader Price;200
361913.2677561862;5481477.298947826;supermarket;Carrefour;200
367445.37532881263;5473431.488323999;supermarket;ChronoDrive;200
361314.40683087497;5478812.842587541;supermarket;Leader Price Express;200
362396.2779125448;5478048.959115558;supermarket;Leader Price;200
362061.0066558664;5478129.468871653;supermarket;Carrefour Express;200
362293.1801296311;5477962.82372405;supermarket;La Vie Claire;200
362871.9131435931;5478357.382015073;supermarket;Carrefour City;200
361388.41397672455;5477379.115614747;supermarket;La Vie au Naturel;200
362133.9456980736;5478373.458061593;supermarket;U Express;200
361771.81929088675;5478403.874080136;supermarket;Franprix;200
364683.83463875647;5480530.338073565;supermarket;Le Triangle;200
360193.72077258077;5473471.618336894;supermarket;Leader Price;200
359656.5840426374;5473094.369133441;supermarket;Le Triangle;200
359467.1678822542;5476752.625605054;supermarket;Carrefour Market;200
359574.89746780193;5475453.434975714;supermarket;Leader Price;200
364316.9321014757;5480091.715305166;supermarket;Carrefour Market;200
360919.6244303573;5476131.209039462;supermarket;Au Bon Air;200
361975.44153272384;5478053.286184033;supermarket;Betty Bio;200
361760.73140435666;5478166.255246721;supermarket;Natural;200
361985.37224979943;5478248.331122847;supermarket;Prima Natura;200
362110.88921995036;5478279.234045902;supermarket;L'Herboristerie;200
362292.4484941573;5477901.540586131;supermarket;Bio c'Bon;200
358324.26242519706;5481701.354481411;supermarket;L'EntrepÃ´t Belge;200
360308.7026512528;5472233.265459951;supermarket;E. Leclerc;200
361709.2251677901;5477512.91555994;tattoo;Inside Tattoo;10
361696.12799466256;5478088.167274345;tattoo;Klinik;10
361698.9381772124;5478551.736998388;tea;The English shop;10
361876.25983112253;5479088.501593517;ticket;Agence Astuce Gare - Rue Verte;10
361877.7123885383;5479097.764161777;ticket;;10
361347.0152225961;5477593.47105139;ticket;City Live;10
361504.73059995787;5478108.70947736;ticket;L'Ã©tincelle;10
361725.0469523944;5476548.806388853;tobacco;Le Balzac;10
362201.0594145494;5478256.069701176;tobacco;Le Globe;10
361238.75256090064;5477142.254043696;tobacco;Le Chiquito;10
359629.9031567312;5473132.361928998;tobacco;;10
362735.9222088447;5477823.077081857;tobacco;Le Royalty;10
361639.0553918234;5478195.296750298;toys;Le Bazar du Bizarre;10
361966.91304475226;5478079.208040147;toys;Le Warp;10
361496.50025198486;5474557.919374402;toys;;10
361478.0995910667;5478407.640739308;toys;La Fontaine Marmitaine;10
361522.4135705262;5478180.219746724;toys;Pinocchio;10
362029.2785680772;5481503.787755493;toys;La Grande RÃ©crÃ©;10
358029.5180656052;5475578.001807601;toys;La Grande RÃ©crÃ©;10
361131.6543818533;5477205.3633852415;toys;La Grande RÃ©crÃ©;10
361050.7209355362;5477058.730864025;travel_agency;E. Leclerc Voyages;10
357994.9524533175;5475584.194045181;variety_store;Cash Converters;10
361057.72707079;5477080.6219973825;video_games;Micromania;10
361457.4820419863;5478407.206772903;video_games;Micromania;10
361474.42688839097;5478411.260011128;watch;Swatch store;10
361471.79734796425;5478414.541381651;watch;L. Pion;10
365668.4716698538;5478101.89950963;yes;Parquet 2D;10
362132.99998903845;5478267.830773553;yes;Coutellerie Faget;10
358102.125034858;5475746.857291756;yes;Mister Minit;10